Batch,Module,ModuleTitle,Lesson,LessonTitle,StepNum,StepTitle,StepType,AnimationType,Characters,SceneSetting,Status,HeyGenVideo,Notes
1,1,First Contact in an Emergency,1,"What's happening? First words in an emergency",1,Scenario: Emergency Room,scenario_intro,SCENE_CARD,—,Emergency department triage desk,Done,No,ScenarioIntroStep already implemented
1,1,First Contact in an Emergency,1,"What's happening? First words in an emergency",2,Watch: Real emergency encounter,video,HEYGEN_VIDEO,Nurse Linh+Patient Dave,Triage desk,Done,Yes,"HeyGen video uploaded to Supabase (module1-triage-dialogue.mp4); step 3a90dbfd inserted at order_index 2"
1,1,First Contact in an Emergency,4,"A second scenario — new context, same language",1,Scenario: Patient fainting in the entrance,scenario_intro,SCENE_CARD,—,Hospital entrance,Pending,No,
2,1,First Contact in an Emergency,4,"A second scenario — new context, same language",3,Read the three-person dialogue,script_read,CONVO_3,Nurse+Patient+Family,Hospital entrance,Pending,No,
2,1,First Contact in an Emergency,2,Key phrases in action,2,Read along: Identify the key phrases,script_read,CONVO_2,Nurse+Patient,A&E bay,Pending,No,
2,1,First Contact in an Emergency,6,Pair practice — round 1,1,Round 1: Full script roleplay,script_read,CONVO_2,Nurse+Patient,Triage desk,Pending,No,
3,2,Triage Intake,1,Asking the right questions,1,Scenario: Triage Desk,scenario_intro,SCENE_CARD,—,Triage desk,Pending,No,
3,2,Triage Intake,1,Asking the right questions,3,Read the triage dialogue,script_read,CONVO_2,Nurse+Patient,Triage desk,Pending,No,
3,2,Triage Intake,4,A different presentation,1,Scenario: Back injury after a fall,scenario_intro,SCENE_CARD,—,Triage assessment area,Pending,No,
4,2,Triage Intake,4,A different presentation,3,Read: applying triage to a new case,script_read,CONVO_2,Nurse+Patient,Triage desk,Pending,No,
4,2,Triage Intake,2,Describing symptoms,2,Read along: describing pain types,script_read,CONVO_2,Nurse+Patient,A&E bay,Pending,No,
4,2,Triage Intake,6,Pair triage — round 1,1,Full pair triage script,script_read,CONVO_2,Nurse+Patient,Triage desk,Pending,No,
5,3,Immediate Instructions in Emergencies,1,Safety first — giving urgent instructions,1,Scenario: Leg injury in trauma bay,scenario_intro,SCENE_CARD,—,Trauma bay,Pending,No,
5,3,Immediate Instructions in Emergencies,1,Safety first — giving urgent instructions,3,Read the trauma bay dialogue,script_read,CONVO_2,Nurse+Patient,Trauma bay,Pending,No,
5,3,Immediate Instructions in Emergencies,4,When the patient cannot cooperate,1,Scenario: Confused elderly patient,scenario_intro,SCENE_CARD,—,Ward corridor,Pending,No,
6,3,Immediate Instructions in Emergencies,4,When the patient cannot cooperate,3,Read: managing the resistant patient,script_read,CONVO_2,Nurse+Patient,Ward bed,Pending,No,
6,3,Immediate Instructions in Emergencies,2,More critical instructions,2,Read: consciousness-maintaining language,script_read,CONVO_2,Nurse+Patient,A&E bay,Pending,No,
6,3,Immediate Instructions in Emergencies,6,Pair instructions — round 1,1,Full pair instruction script,script_read,CONVO_2,Nurse+Patient,Trauma bay,Pending,No,
7,4,Common Emergency Scenarios,1,Chest pain and breathing emergencies,1,Scenario: Cardiac presentation,scenario_intro,SCENE_CARD,—,Emergency triage,Pending,No,
7,4,Common Emergency Scenarios,1,Chest pain and breathing emergencies,3,Read the cardiac emergency dialogue,script_read,CONVO_2,Nurse+Patient,Triage desk,Pending,No,
7,4,Common Emergency Scenarios,4,"A complex scenario: two problems at once",1,Scenario: Breathing + bleeding simultaneously,scenario_intro,SCENE_CARD,—,A&E resus bay,Pending,No,
8,4,Common Emergency Scenarios,4,"A complex scenario: two problems at once",3,Read: dual emergency prioritisation,script_read,CONVO_2,Nurse+Patient,Resus bay,Pending,No,
8,4,Common Emergency Scenarios,2,Bleeding and trauma,2,Read: wound assessment and instruction,script_read,CONVO_2,Nurse+Patient,A&E bay,Pending,No,
8,4,Common Emergency Scenarios,6,Pair scenario practice — round 1,1,"Full pair scenario: fever + confusion",script_read,CONVO_2,Nurse+Patient,A&E bay,Pending,No,
9,5,Communicating Patient Deterioration & Escalation Protocols,1,Vital Signs in Crisis — What the Numbers Mean,1,Emergency Ward — A Patient's Numbers Change,scenario_intro,SCENE_CARD,—,Emergency ward,Pending,No,
9,5,Communicating Patient Deterioration & Escalation Protocols,1,Vital Signs in Crisis — What the Numbers Mean,3,Read the Escalation Dialogue,script_read,CONVO_2,Nurse+Patient,Ward bed,Pending,No,
9,5,Communicating Patient Deterioration & Escalation Protocols,4,A Second Scenario — Respiratory Deterioration,1,Post-Op Ward — Breathing Becomes Difficult,scenario_intro,SCENE_CARD,—,Post-op ward,Pending,No,
10,5,Communicating Patient Deterioration & Escalation Protocols,4,A Second Scenario — Respiratory Deterioration,3,Read the Escalation Call,script_read,DEBRIEF,Nurse+Doctor,Post-op ward,Pending,No,
10,5,Communicating Patient Deterioration & Escalation Protocols,2,Key Phrases in Action — Red Flags & Urgency,2,Read the SBAR Phone Call,script_read,DEBRIEF,Nurse+Doctor,Nursing station,Pending,No,
10,5,Communicating Patient Deterioration & Escalation Protocols,6,Pair Practice — Round 1: Structured SBAR Handover,1,Full Script — Nurse to Doctor: Cardiac Concern,script_read,DEBRIEF,Nurse+Doctor,Nursing station,Pending,No,
11,6,Reassurance Under Pressure,1,Calming a Panicking Patient in A&E,1,A&E — Panicking Patient,scenario_intro,SCENE_CARD,—,A&E bay,Pending,No,
11,6,Reassurance Under Pressure,1,Calming a Panicking Patient in A&E,3,Read the Reassurance Dialogue,script_read,CONVO_2,Nurse+Patient,A&E bay,Pending,No,
11,6,Reassurance Under Pressure,4,De-escalating a Distressed Relative,1,Ward — Distressed Relative,scenario_intro,SCENE_CARD,—,Ward corridor,Pending,No,
11,6,Reassurance Under Pressure,4,De-escalating a Distressed Relative,3,Read the De-escalation Dialogue,script_read,FAMILY,Nurse+Family,Ward corridor,Pending,No,
12,6,Reassurance Under Pressure,2,Anxious Family at ICU Doors,2,Read the Family Dialogue,script_read,FAMILY,Nurse+Family,ICU entrance,Pending,No,
12,6,Reassurance Under Pressure,6,Pair Practice — Calming a Confused Elderly Patient,1,Full Script — Nurse and Confused Patient,script_read,CONVO_2,Nurse+Patient,Ward bed,Pending,No,
12,6,Reassurance Under Pressure,7,Pair Practice — Managing Family Demanding Answers,1,Full Script — Nurse and Demanding Family Member,script_read,FAMILY,Nurse+Family,Ward corridor,Pending,No,
13,7,Red Flags & Escalation,1,Calling a Code Blue,1,Ward — Patient Collapse,scenario_intro,SCENE_CARD,—,General ward,Pending,No,
13,7,Red Flags & Escalation,1,Calling a Code Blue,3,Read the Code Blue Dialogue,script_read,DEBRIEF,Nurse+Doctor,Ward bed,Pending,No,
13,7,Red Flags & Escalation,4,Sepsis Screening Communication,1,Ward — Suspected Sepsis,scenario_intro,SCENE_CARD,—,Ward bed,Pending,No,
13,7,Red Flags & Escalation,4,Sepsis Screening Communication,3,Read the Sepsis Escalation,script_read,CONVO_2,Nurse+Patient,Ward bed,Pending,No,
14,7,Red Flags & Escalation,2,Recognising Stroke Symptoms — FAST,2,Read the Stroke Escalation,script_read,DEBRIEF,Nurse+Doctor,Ward corridor,Pending,No,
14,7,Red Flags & Escalation,6,Pair Practice — Unresponsive Patient,1,Full Script — Nurse Calls Rapid Response,script_read,DEBRIEF,Nurse+Doctor,Ward bed,Pending,No,
14,7,Red Flags & Escalation,7,Pair Practice — Paediatric Emergency Escalation,1,Full Script — Paediatric Escalation,script_read,DEBRIEF,Nurse+Doctor,Paediatric bay,Pending,No,
15,8,Documentation and Rapid Reporting,1,End-of-Shift Handover to Incoming Nurse,1,Ward — End of Day Shift,scenario_intro,SCENE_CARD,—,Nursing station,Pending,No,
15,8,Documentation and Rapid Reporting,1,End-of-Shift Handover to Incoming Nurse,3,Read the Handover Dialogue,script_read,DEBRIEF,Nurse+Nurse,Nursing station,Pending,No,
15,8,Documentation and Rapid Reporting,4,Handing Over a Deteriorating Patient Mid-Treatment,1,Ward — Patient Deteriorating During Handover,scenario_intro,SCENE_CARD,—,Ward bed,Pending,No,
15,8,Documentation and Rapid Reporting,4,Handing Over a Deteriorating Patient Mid-Treatment,3,Read the Urgent Handover,script_read,DEBRIEF,Nurse+Doctor,Ward bed,Pending,No,
16,8,Documentation and Rapid Reporting,2,On-Call Doctor Night Report,2,Read the Night Report,script_read,DEBRIEF,Nurse+Doctor,Nursing station,Pending,No,
16,8,Documentation and Rapid Reporting,6,Pair Practice — Nurse to Nurse Shift Handover,1,Full Script — Nurse to Nurse Handover,script_read,DEBRIEF,Nurse+Nurse,Nursing station,Pending,No,
16,8,Documentation and Rapid Reporting,7,Pair Practice — Nurse to Doctor Verbal Report,1,Full Script — Nurse Reports to Doctor,script_read,DEBRIEF,Nurse+Doctor,Nursing station,Pending,No,
17,9,Simulation and Emergency Review,1,Team Debrief After Resuscitation,1,Resuscitation Room — Post-Code Debrief,scenario_intro,SCENE_CARD,—,Resuscitation room,Pending,No,
17,9,Simulation and Emergency Review,1,Team Debrief After Resuscitation,3,Read the Debrief Dialogue,script_read,DEBRIEF,Nurse+Nurse+Doctor,Resuscitation room,Pending,No,
17,9,Simulation and Emergency Review,4,Asking a Senior Colleague for Feedback,1,Ward — After a Difficult Shift,scenario_intro,SCENE_CARD,—,Staff room,Pending,No,
17,9,Simulation and Emergency Review,4,Asking a Senior Colleague for Feedback,3,Read the Feedback Request,script_read,DEBRIEF,Nurse+Supervisor,Staff room,Pending,No,
18,9,Simulation and Emergency Review,2,Discussing a Near-Miss with a Supervisor,2,Read the Near-Miss Discussion,script_read,DEBRIEF,Nurse+Supervisor,Office,Pending,No,
18,9,Simulation and Emergency Review,6,Pair Practice — Nurse to Supervisor Debrief,1,Full Script — Nurse Debriefs with Supervisor,script_read,DEBRIEF,Nurse+Supervisor,Office,Pending,No,
18,9,Simulation and Emergency Review,7,Pair Practice — Nurse to Nurse Case Presentation,1,Full Script — Nurse Presents Case to Colleague,script_read,DEBRIEF,Nurse+Nurse,Nursing station,Pending,No,
19,10,Emergency Procedures Communication,1,Explaining IV Line Insertion,1,A&E — Patient Needs IV,scenario_intro,SCENE_CARD,—,A&E bay,Pending,No,
19,10,Emergency Procedures Communication,1,Explaining IV Line Insertion,3,Read the IV Explanation Dialogue,script_read,CONVO_2,Nurse+Patient,A&E bay,Pending,No,
19,10,Emergency Procedures Communication,4,Gaining Rapid Consent for NG Tube,1,A&E — Patient Needs NG Tube,scenario_intro,SCENE_CARD,—,A&E bay,Pending,No,
19,10,Emergency Procedures Communication,4,Gaining Rapid Consent for NG Tube,3,Read the NG Tube Explanation,script_read,CONVO_2,Nurse+Patient,A&E bay,Pending,No,
19,11,Trauma & Acute Injuries,1,Road Traffic Accident Victim in A&E,1,A&E — RTA Victim Arrives,scenario_intro,SCENE_CARD,—,A&E trauma entrance,Pending,No,
20,10,Emergency Procedures Communication,6,Pair Practice — Nurse to Patient: IV Explanation,1,Full Script — Nurse Explains IV to Patient,script_read,CONVO_2,Nurse+Patient,A&E bay,Pending,No,
20,10,Emergency Procedures Communication,7,Pair Practice — Gaining Rapid Consent,1,Full Script — Nurse Gains Consent for Defibrillator,script_read,CONVO_2,Nurse+Patient,A&E bay,Pending,No,
20,11,Trauma & Acute Injuries,1,Road Traffic Accident Victim in A&E,3,Read the Trauma Handover,script_read,DEBRIEF,Nurse+Doctor,Trauma bay,Pending,No,
20,11,Trauma & Acute Injuries,4,Head Injury — GCS Assessment,1,A&E — Head Injury Patient,scenario_intro,SCENE_CARD,—,A&E bay,Pending,No,
20,11,Trauma & Acute Injuries,4,Head Injury — GCS Assessment,3,Read the Head Injury Handover,script_read,DEBRIEF,Nurse+Doctor,A&E bay,Pending,No,
20,11,Trauma & Acute Injuries,2,Patient with Fall and Suspected Hip Fracture,2,Read the Fall Assessment,script_read,CONVO_2,Nurse+Patient,A&E bay,Pending,No,
20,11,Trauma & Acute Injuries,6,Pair Practice — Nurse to Doctor: Trauma Handover,1,Full Script — Trauma Handover to Doctor,script_read,DEBRIEF,Nurse+Doctor,Trauma bay,Pending,No,
20,11,Trauma & Acute Injuries,7,Pair Practice — Nurse to Nurse: Trauma Assessment,1,Full Script — Nurse Assesses Trauma Patient,script_read,CONVO_2,Nurse+Nurse,A&E bay,Pending,No,
20,12,Family Communication in Emergencies,1,Explaining a Cardiac Arrest to the Family,1,Resuscitation Room — Family Waiting,scenario_intro,SCENE_CARD,—,Relatives room,Pending,No,
20,12,Family Communication in Emergencies,1,Explaining a Cardiac Arrest to the Family,3,Read the Difficult News Dialogue,script_read,FAMILY,Nurse+Family,Relatives room,Pending,No,
20,12,Family Communication in Emergencies,4,Discussing CPR and Resuscitation Decisions,1,Ward — CPR Decision Discussion,scenario_intro,SCENE_CARD,—,Quiet room,Pending,No,
20,12,Family Communication in Emergencies,4,Discussing CPR and Resuscitation Decisions,3,Read the CPR Discussion,script_read,FAMILY,Nurse+Family,Quiet room,Pending,No,
20,12,Family Communication in Emergencies,2,Informing Family That Condition Has Worsened,2,Read the Deterioration Conversation,script_read,FAMILY,Nurse+Family,Relatives room,Pending,No,
20,12,Family Communication in Emergencies,6,Pair Practice — Nurse to Family: Breaking Bad News,1,Full Script — Nurse Breaks Bad News,script_read,FAMILY,Nurse+Family,Relatives room,Pending,No,
20,12,Family Communication in Emergencies,7,Pair Practice — Managing Information Requests During Treatment,1,Full Script — Nurse Manages Family During Resus,script_read,FAMILY,Nurse+Family,Resuscitation area,Pending,No,
